{"cameraMode":{"drawMode":0,"name":"Shaded","section":"Shading Mode"},"sceneLighting":true,"audioPlay":false,"sceneViewState":{"m_AlwaysRefresh":false,"showFog":true,"showSkybox":true,"showFlares":true,"showImageEffects":true,"showParticleSystems":true,"showVisualEffectGraphs":true,"m_FxEnabled":false},"in2DMode":false,"pivot":{"x":1.3971697092056275,"y":-2.5171403884887697,"z":-10.463085174560547},"rotation":{"x":0.19963085651397706,"y":0.013227787800133229,"z":-0.002695174654945731,"w":0.9797762632369995},"size":3.3893942832946779,"orthographic":true}