{"cameraMode":{"drawMode":0,"name":"Shaded","section":"Shading Mode"},"sceneLighting":true,"audioPlay":false,"sceneViewState":{"m_AlwaysRefresh":false,"showFog":true,"showSkybox":true,"showFlares":true,"showImageEffects":true,"showParticleSystems":true,"showVisualEffectGraphs":true,"m_FxEnabled":false},"in2DMode":false,"pivot":{"x":-2.263338804244995,"y":-1.9500000476837159,"z":-11.328588485717774},"rotation":{"x":-0.3427194654941559,"y":-0.0008476413786411285,"z":0.0003092988335993141,"w":-0.939439058303833},"size":3.632753849029541,"orthographic":false}